record_id,project_id,site_id,station_number,station_id,event_date,eventid,decimal_latitude,decimal_longitude,crs,equipe,sand_cover,vegetation_cover,granulo,material_sampling_id_granulo,mo,material_sampling_id_mo,creusage,creusage_method,nbr_especes,species1,species2,species3,species4,species5,species6,species7,species8,species9,species10,abundance1,abundance2,abundance3,abundance4,abundance5,abundance6,abundance7,abundance8,abundance9,abundance10,biomass1,biomass2,biomass3,biomass4,biomass5,biomass6,biomass7,biomass8,biomass9,biomass10,trie_2mm,comments_2mm,trie_500um,type_pots_500um___1l,type_pots_500um___900ml,type_pots_500um___500ml,type_pots_500um___400ml,type_pots_500um___250ml,nbr_1l,nbr_900ml,nbr_500ml,nbr_400ml,nbr_250ml,material_sampling_id_biodiv,comments,terrain_complete
1,la_grave,Re,1,Re-1,,la_grave_2023_Re-1,47.2377283365376," -61.834998643509",EPSG:4326,"martin_de_langy | gabriele_deslongchamps | louis_guyon",100,0,1,la_grave_2023_Re-1_granulo,1,la_grave_2023_Re-1_mo,1,un_quart,0,,,,,,,,,,,,,,,,,,,,,,,,,,,,,,,1,,1,0,0,0,0,0,,,,,,la_grave_2023_Re-1_biodiv,,0
2,la_grave,Re,2,Re-2,,la_grave_2023_Re-2,47.2368670334515," -61.8395933515926",EPSG:4326,"martin_de_langy | gabriele_deslongchamps | louis_guyon",100,0,1,la_grave_2023_Re-2_granulo,1,la_grave_2023_Re-2_mo,1,un_quart,0,,,,,,,,,,,,,,,,,,,,,,,,,,,,,,,1,,1,0,0,0,0,0,,,,,,la_grave_2023_Re-2_biodiv,,0
3,la_grave,Re,3,Re-3,,la_grave_2023_Re-3,47.2372241870301," -61.836556395264",EPSG:4326,"martin_de_langy | gabriele_deslongchamps | louis_guyon",100,0,1,la_grave_2023_Re-3_granulo,1,la_grave_2023_Re-3_mo,1,un_quart,0,,,,,,,,,,,,,,,,,,,,,,,,,,,,,,,1,,1,0,0,0,0,0,,,,,,la_grave_2023_Re-3_biodiv,,0
4,la_grave,Re,4,Re-4,,la_grave_2023_Re-4,47.2370730251436," -61.8373608709621",EPSG:4326,"martin_de_langy | gabriele_deslongchamps | louis_guyon",100,0,1,la_grave_2023_Re-4_granulo,1,la_grave_2023_Re-4_mo,1,un_quart,0,,,,,,,,,,,,,,,,,,,,,,,,,,,,,,,1,,1,0,0,0,0,0,,,,,,la_grave_2023_Re-4_biodiv,,0
5,la_grave,Re,5,Re-5,,la_grave_2023_Re-5,47.2369326872761," -61.8388728864444",EPSG:4326,"martin_de_langy | gabriele_deslongchamps | louis_guyon",100,0,1,la_grave_2023_Re-5_granulo,1,la_grave_2023_Re-5_mo,1,un_quart,0,,,,,,,,,,,,,,,,,,,,,,,,,,,,,,,1,,1,0,0,0,0,0,,,,,,la_grave_2023_Re-5_biodiv,,0
6,la_grave,Re,6,Re-6,,la_grave_2023_Re-6,47.2374155567226," -61.8355457570058",EPSG:4326,"martin_de_langy | gabriele_deslongchamps | louis_guyon",100,0,1,la_grave_2023_Re-6_granulo,1,la_grave_2023_Re-6_mo,1,un_quart,0,,,,,,,,,,,,,,,,,,,,,,,,,,,,,,,1,,1,0,0,0,0,0,,,,,,la_grave_2023_Re-6_biodiv,,0
7,la_grave,Re,7,Re-7,,la_grave_2023_Re-7,47.2370026946089," -61.840250337489",EPSG:4326,"martin_de_langy | gabriele_deslongchamps | louis_guyon",100,0,1,la_grave_2023_Re-7_granulo,1,la_grave_2023_Re-7_mo,1,un_quart,0,,,,,,,,,,,,,,,,,,,,,,,,,,,,,,,1,,1,0,0,0,0,0,,,,,,la_grave_2023_Re-7_biodiv,,0
8,la_grave,Re,8,Re-8,,la_grave_2023_Re-8,47.2374938834762," -61.8354094268802",EPSG:4326,"martin_de_langy | gabriele_deslongchamps | louis_guyon",100,0,1,la_grave_2023_Re-8_granulo,1,la_grave_2023_Re-8_mo,1,un_quart,0,,,,,,,,,,,,,,,,,,,,,,,,,,,,,,,1,,1,0,0,0,0,0,,,,,,la_grave_2023_Re-8_biodiv,,0
9,la_grave,Re,9,Re-9,,la_grave_2023_Re-9,47.2375443686832," -61.8355495635085",EPSG:4326,"martin_de_langy | gabriele_deslongchamps | louis_guyon",100,0,1,la_grave_2023_Re-9_granulo,1,la_grave_2023_Re-9_mo,1,un_quart,0,,,,,,,,,,,,,,,,,,,,,,,,,,,,,,,1,,1,0,0,0,0,0,,,,,,la_grave_2023_Re-9_biodiv,,0
10,la_grave,Re,10,Re-10,,la_grave_2023_Re-10,47.2370275268986," -61.8372876687391",EPSG:4326,"martin_de_langy | gabriele_deslongchamps | louis_guyon",100,0,1,la_grave_2023_Re-10_granulo,1,la_grave_2023_Re-10_mo,1,un_quart,0,,,,,,,,,,,,,,,,,,,,,,,,,,,,,,,1,,1,0,0,0,0,0,,,,,,la_grave_2023_Re-10_biodiv,,0
11,la_grave,Re,11,Re-11,,la_grave_2023_Re-11,47.2369670450708," -61.8377079606033",EPSG:4326,"martin_de_langy | gabriele_deslongchamps | louis_guyon",100,0,1,la_grave_2023_Re-11_granulo,1,la_grave_2023_Re-11_mo,1,un_quart,0,,,,,,,,,,,,,,,,,,,,,,,,,,,,,,,1,,1,0,0,0,0,0,,,,,,la_grave_2023_Re-11_biodiv,,0
12,la_grave,Re,12,Re-12,,la_grave_2023_Re-12,47.2382477543108," -61.8344657379766",EPSG:4326,"martin_de_langy | gabriele_deslongchamps | louis_guyon",100,0,1,la_grave_2023_Re-12_granulo,1,la_grave_2023_Re-12_mo,1,un_quart,0,,,,,,,,,,,,,,,,,,,,,,,,,,,,,,,1,,1,0,0,0,0,0,,,,,,la_grave_2023_Re-12_biodiv,,0
13,la_grave,Re,13,Re-13,,la_grave_2023_Re-13,47.2370237376213," -61.8371784439939",EPSG:4326,"martin_de_langy | gabriele_deslongchamps | louis_guyon",100,0,1,la_grave_2023_Re-13_granulo,1,la_grave_2023_Re-13_mo,1,un_quart,0,,,,,,,,,,,,,,,,,,,,,,,,,,,,,,,1,,1,0,0,0,0,0,,,,,,la_grave_2023_Re-13_biodiv,,0
14,la_grave,Re,14,Re-14,,la_grave_2023_Re-14,47.2368370310384," -61.8396367208444",EPSG:4326,"martin_de_langy | gabriele_deslongchamps | louis_guyon",100,0,1,la_grave_2023_Re-14_granulo,1,la_grave_2023_Re-14_mo,1,un_quart,0,,,,,,,,,,,,,,,,,,,,,,,,,,,,,,,1,,1,0,0,0,0,0,,,,,,la_grave_2023_Re-14_biodiv,,0
15,la_grave,Re,15,Re-15,,la_grave_2023_Re-15,47.2370071145493," -61.840663550763",EPSG:4326,"martin_de_langy | gabriele_deslongchamps | louis_guyon",100,0,1,la_grave_2023_Re-15_granulo,1,la_grave_2023_Re-15_mo,1,un_quart,0,,,,,,,,,,,,,,,,,,,,,,,,,,,,,,,1,,1,0,0,0,0,0,,,,,,la_grave_2023_Re-15_biodiv,,0
16,la_grave,Re,16,Re-16,,la_grave_2023_Re-16,47.2369605775266," -61.8400945344389",EPSG:4326,"martin_de_langy | gabriele_deslongchamps | louis_guyon",100,0,1,la_grave_2023_Re-16_granulo,1,la_grave_2023_Re-16_mo,1,un_quart,0,,,,,,,,,,,,,,,,,,,,,,,,,,,,,,,1,,1,0,0,0,0,0,,,,,,la_grave_2023_Re-16_biodiv,,0
17,la_grave,Re,17,Re-17,,la_grave_2023_Re-17,47.2369026376115," -61.8394016881053",EPSG:4326,"martin_de_langy | gabriele_deslongchamps | louis_guyon",100,0,1,la_grave_2023_Re-17_granulo,1,la_grave_2023_Re-17_mo,1,un_quart,0,,,,,,,,,,,,,,,,,,,,,,,,,,,,,,,1,,1,0,0,0,0,0,,,,,,la_grave_2023_Re-17_biodiv,,0
18,la_grave,Re,18,Re-18,,la_grave_2023_Re-18,47.2369038444115," -61.8396837939568",EPSG:4326,"martin_de_langy | gabriele_deslongchamps | louis_guyon",100,0,1,la_grave_2023_Re-18_granulo,1,la_grave_2023_Re-18_mo,1,un_quart,0,,,,,,,,,,,,,,,,,,,,,,,,,,,,,,,1,,1,0,0,0,0,0,,,,,,la_grave_2023_Re-18_biodiv,,0
19,la_grave,Re,19,Re-19,,la_grave_2023_Re-19,47.2370340308755," -61.8408731262538",EPSG:4326,"martin_de_langy | gabriele_deslongchamps | louis_guyon",100,0,1,la_grave_2023_Re-19_granulo,1,la_grave_2023_Re-19_mo,1,un_quart,0,,,,,,,,,,,,,,,,,,,,,,,,,,,,,,,1,,1,0,0,0,0,0,,,,,,la_grave_2023_Re-19_biodiv,,0
20,la_grave,Re,20,Re-20,,la_grave_2023_Re-20,47.2379445505549," -61.8346935514683",EPSG:4326,"martin_de_langy | gabriele_deslongchamps | louis_guyon",100,0,1,la_grave_2023_Re-20_granulo,1,la_grave_2023_Re-20_mo,1,un_quart,0,,,,,,,,,,,,,,,,,,,,,,,,,,,,,,,1,,1,0,0,0,0,0,,,,,,la_grave_2023_Re-20_biodiv,,0
21,la_grave,Re,21,Re-21,,la_grave_2023_Re-21,47.2368893260716," -61.8387000111328",EPSG:4326,"martin_de_langy | gabriele_deslongchamps | louis_guyon",100,0,1,la_grave_2023_Re-21_granulo,1,la_grave_2023_Re-21_mo,1,un_quart,0,,,,,,,,,,,,,,,,,,,,,,,,,,,,,,,1,,1,0,0,0,0,0,,,,,,la_grave_2023_Re-21_biodiv,,0
22,la_grave,Re,22,Re-22,,la_grave_2023_Re-22,47.2373786458608," -61.8358873662589",EPSG:4326,"martin_de_langy | gabriele_deslongchamps | louis_guyon",100,0,1,la_grave_2023_Re-22_granulo,1,la_grave_2023_Re-22_mo,1,un_quart,0,,,,,,,,,,,,,,,,,,,,,,,,,,,,,,,1,,1,0,0,0,0,0,,,,,,la_grave_2023_Re-22_biodiv,,0
23,la_grave,Re,23,Re-23,,la_grave_2023_Re-23,47.2370785713028," -61.8369609305043",EPSG:4326,"martin_de_langy | gabriele_deslongchamps | louis_guyon",100,0,1,la_grave_2023_Re-23_granulo,1,la_grave_2023_Re-23_mo,1,un_quart,0,,,,,,,,,,,,,,,,,,,,,,,,,,,,,,,1,,1,0,0,0,0,0,,,,,,la_grave_2023_Re-23_biodiv,,0
24,la_grave,Re,24,Re-24,,la_grave_2023_Re-24,47.2370665380362," -61.8404275258502",EPSG:4326,"martin_de_langy | gabriele_deslongchamps | louis_guyon",100,0,1,la_grave_2023_Re-24_granulo,1,la_grave_2023_Re-24_mo,1,un_quart,0,,,,,,,,,,,,,,,,,,,,,,,,,,,,,,,1,,1,0,0,0,0,0,,,,,,la_grave_2023_Re-24_biodiv,,0
25,la_grave,Re,25,Re-25,,la_grave_2023_Re-25,47.2372460430761," -61.8418523914494",EPSG:4326,"martin_de_langy | gabriele_deslongchamps | louis_guyon",100,0,1,la_grave_2023_Re-25_granulo,1,la_grave_2023_Re-25_mo,1,un_quart,0,,,,,,,,,,,,,,,,,,,,,,,,,,,,,,,1,,1,0,0,0,0,0,,,,,,la_grave_2023_Re-25_biodiv,,0
26,la_grave,Re,26,Re-26,,la_grave_2023_Re-26,47.2369621361995," -61.8386470978079",EPSG:4326,"martin_de_langy | gabriele_deslongchamps | louis_guyon",100,0,1,la_grave_2023_Re-26_granulo,1,la_grave_2023_Re-26_mo,1,un_quart,0,,,,,,,,,,,,,,,,,,,,,,,,,,,,,,,1,,1,0,0,0,0,0,,,,,,la_grave_2023_Re-26_biodiv,,0
27,la_grave,Re,27,Re-27,,la_grave_2023_Re-27,47.2370935168526," -61.8410081802186",EPSG:4326,"martin_de_langy | gabriele_deslongchamps | louis_guyon",100,0,1,la_grave_2023_Re-27_granulo,1,la_grave_2023_Re-27_mo,1,un_quart,0,,,,,,,,,,,,,,,,,,,,,,,,,,,,,,,1,,1,0,0,0,0,0,,,,,,la_grave_2023_Re-27_biodiv,,0
28,la_grave,Re,28,Re-28,,la_grave_2023_Re-28,47.238053531868," -61.834623186893",EPSG:4326,"martin_de_langy | gabriele_deslongchamps | louis_guyon",100,0,1,la_grave_2023_Re-28_granulo,1,la_grave_2023_Re-28_mo,1,un_quart,0,,,,,,,,,,,,,,,,,,,,,,,,,,,,,,,1,,1,0,0,0,0,0,,,,,,la_grave_2023_Re-28_biodiv,,0
29,la_grave,Re,29,Re-29,,la_grave_2023_Re-29,47.2368903070397," -61.8386167536969",EPSG:4326,"martin_de_langy | gabriele_deslongchamps | louis_guyon",100,0,1,la_grave_2023_Re-29_granulo,1,la_grave_2023_Re-29_mo,1,un_quart,0,,,,,,,,,,,,,,,,,,,,,,,,,,,,,,,1,,1,0,0,0,0,0,,,,,,la_grave_2023_Re-29_biodiv,,0
30,la_grave,Re,30,Re-30,,la_grave_2023_Re-30,47.2379095649473," -61.8348637236698",EPSG:4326,"martin_de_langy | gabriele_deslongchamps | louis_guyon",100,0,1,la_grave_2023_Re-30_granulo,1,la_grave_2023_Re-30_mo,1,un_quart,0,,,,,,,,,,,,,,,,,,,,,,,,,,,,,,,1,,1,0,0,0,0,0,,,,,,la_grave_2023_Re-30_biodiv,,0
31,la_grave,SiL,1,SiL-1,,la_grave_2023_SiL-1,47.23771820481," -61.8352960157386",EPSG:4326,"martin_de_langy | gabriele_deslongchamps | louis_guyon",100,0,1,la_grave_2023_SiL-1_granulo,1,la_grave_2023_SiL-1_mo,1,un_quart,0,,,,,,,,,,,,,,,,,,,,,,,,,,,,,,,1,,1,0,0,0,0,0,,,,,,la_grave_2023_SiL-1_biodiv,,0
32,la_grave,SiL,2,SiL-2,,la_grave_2023_SiL-2,47.2370824698297," -61.8395864569598",EPSG:4326,"martin_de_langy | gabriele_deslongchamps | louis_guyon",100,0,1,la_grave_2023_SiL-2_granulo,1,la_grave_2023_SiL-2_mo,1,un_quart,0,,,,,,,,,,,,,,,,,,,,,,,,,,,,,,,1,,1,0,0,0,0,0,,,,,,la_grave_2023_SiL-2_biodiv,,0
33,la_grave,SiL,3,SiL-3,,la_grave_2023_SiL-3,47.2371990178387," -61.8397356820915",EPSG:4326,"martin_de_langy | gabriele_deslongchamps | louis_guyon",100,0,1,la_grave_2023_SiL-3_granulo,1,la_grave_2023_SiL-3_mo,1,un_quart,0,,,,,,,,,,,,,,,,,,,,,,,,,,,,,,,1,,1,0,0,0,0,0,,,,,,la_grave_2023_SiL-3_biodiv,,0
34,la_grave,SiL,4,SiL-4,,la_grave_2023_SiL-4,47.2372001243018," -61.841174795363",EPSG:4326,"martin_de_langy | gabriele_deslongchamps | louis_guyon",100,0,1,la_grave_2023_SiL-4_granulo,1,la_grave_2023_SiL-4_mo,1,un_quart,0,,,,,,,,,,,,,,,,,,,,,,,,,,,,,,,1,,1,0,0,0,0,0,,,,,,la_grave_2023_SiL-4_biodiv,,0
35,la_grave,SiL,5,SiL-5,,la_grave_2023_SiL-5,47.2372727005482," -61.8408771550182",EPSG:4326,"martin_de_langy | gabriele_deslongchamps | louis_guyon",100,0,1,la_grave_2023_SiL-5_granulo,1,la_grave_2023_SiL-5_mo,1,un_quart,0,,,,,,,,,,,,,,,,,,,,,,,,,,,,,,,1,,1,0,0,0,0,0,,,,,,la_grave_2023_SiL-5_biodiv,,0
36,la_grave,SiL,6,SiL-6,,la_grave_2023_SiL-6,47.2375230753143," -61.8417996402513",EPSG:4326,"martin_de_langy | gabriele_deslongchamps | louis_guyon",100,0,1,la_grave_2023_SiL-6_granulo,1,la_grave_2023_SiL-6_mo,1,un_quart,0,,,,,,,,,,,,,,,,,,,,,,,,,,,,,,,1,,1,0,0,0,0,0,,,,,,la_grave_2023_SiL-6_biodiv,,0
37,la_grave,SiL,7,SiL-7,,la_grave_2023_SiL-7,47.2372777127639," -61.8401915748679",EPSG:4326,"martin_de_langy | gabriele_deslongchamps | louis_guyon",100,0,1,la_grave_2023_SiL-7_granulo,1,la_grave_2023_SiL-7_mo,1,un_quart,0,,,,,,,,,,,,,,,,,,,,,,,,,,,,,,,1,,1,0,0,0,0,0,,,,,,la_grave_2023_SiL-7_biodiv,,0
38,la_grave,SiL,8,SiL-8,,la_grave_2023_SiL-8,47.2371877920884," -61.8403168854087",EPSG:4326,"martin_de_langy | gabriele_deslongchamps | louis_guyon",100,0,1,la_grave_2023_SiL-8_granulo,1,la_grave_2023_SiL-8_mo,1,un_quart,0,,,,,,,,,,,,,,,,,,,,,,,,,,,,,,,1,,1,0,0,0,0,0,,,,,,la_grave_2023_SiL-8_biodiv,,0
39,la_grave,SiL,9,SiL-9,,la_grave_2023_SiL-9,47.2369767888723," -61.8391254842493",EPSG:4326,"martin_de_langy | gabriele_deslongchamps | louis_guyon",100,0,1,la_grave_2023_SiL-9_granulo,1,la_grave_2023_SiL-9_mo,1,un_quart,0,,,,,,,,,,,,,,,,,,,,,,,,,,,,,,,1,,1,0,0,0,0,0,,,,,,la_grave_2023_SiL-9_biodiv,,0
40,la_grave,SiL,10,SiL-10,,la_grave_2023_SiL-10,47.2373084245014," -61.8367817219777",EPSG:4326,"martin_de_langy | gabriele_deslongchamps | louis_guyon",100,0,1,la_grave_2023_SiL-10_granulo,1,la_grave_2023_SiL-10_mo,1,un_quart,0,,,,,,,,,,,,,,,,,,,,,,,,,,,,,,,1,,1,0,0,0,0,0,,,,,,la_grave_2023_SiL-10_biodiv,,0
41,la_grave,SiL,11,SiL-11,,la_grave_2023_SiL-11,47.2373428849067," -61.8407139983263",EPSG:4326,"martin_de_langy | gabriele_deslongchamps | louis_guyon",100,0,1,la_grave_2023_SiL-11_granulo,1,la_grave_2023_SiL-11_mo,1,un_quart,0,,,,,,,,,,,,,,,,,,,,,,,,,,,,,,,1,,1,0,0,0,0,0,,,,,,la_grave_2023_SiL-11_biodiv,,0
42,la_grave,SiL,12,SiL-12,,la_grave_2023_SiL-12,47.2371870312618," -61.8404767112557",EPSG:4326,"martin_de_langy | gabriele_deslongchamps | louis_guyon",100,0,1,la_grave_2023_SiL-12_granulo,1,la_grave_2023_SiL-12_mo,1,un_quart,0,,,,,,,,,,,,,,,,,,,,,,,,,,,,,,,1,,1,0,0,0,0,0,,,,,,la_grave_2023_SiL-12_biodiv,,0
43,la_grave,SiL,13,SiL-13,,la_grave_2023_SiL-13,47.237598006602," -61.8356867424582",EPSG:4326,"martin_de_langy | gabriele_deslongchamps | louis_guyon",100,0,1,la_grave_2023_SiL-13_granulo,1,la_grave_2023_SiL-13_mo,1,un_quart,0,,,,,,,,,,,,,,,,,,,,,,,,,,,,,,,1,,1,0,0,0,0,0,,,,,,la_grave_2023_SiL-13_biodiv,,0
44,la_grave,SiL,14,SiL-14,,la_grave_2023_SiL-14,47.2370880957903," -61.8387120239083",EPSG:4326,"martin_de_langy | gabriele_deslongchamps | louis_guyon",100,0,1,la_grave_2023_SiL-14_granulo,1,la_grave_2023_SiL-14_mo,1,un_quart,0,,,,,,,,,,,,,,,,,,,,,,,,,,,,,,,1,,1,0,0,0,0,0,,,,,,la_grave_2023_SiL-14_biodiv,,0
45,la_grave,SiL,15,SiL-15,,la_grave_2023_SiL-15,47.237206907914," -61.840029776038",EPSG:4326,"martin_de_langy | gabriele_deslongchamps | louis_guyon",100,0,1,la_grave_2023_SiL-15_granulo,1,la_grave_2023_SiL-15_mo,1,un_quart,0,,,,,,,,,,,,,,,,,,,,,,,,,,,,,,,1,,1,0,0,0,0,0,,,,,,la_grave_2023_SiL-15_biodiv,,0
46,la_grave,SiL,16,SiL-16,,la_grave_2023_SiL-16,47.2370018991169," -61.8389016952744",EPSG:4326,"martin_de_langy | gabriele_deslongchamps | louis_guyon",100,0,1,la_grave_2023_SiL-16_granulo,1,la_grave_2023_SiL-16_mo,1,un_quart,0,,,,,,,,,,,,,,,,,,,,,,,,,,,,,,,1,,1,0,0,0,0,0,,,,,,la_grave_2023_SiL-16_biodiv,,0
47,la_grave,SiL,17,SiL-17,,la_grave_2023_SiL-17,47.2372853609531," -61.8364917075033",EPSG:4326,"martin_de_langy | gabriele_deslongchamps | louis_guyon",100,0,1,la_grave_2023_SiL-17_granulo,1,la_grave_2023_SiL-17_mo,1,un_quart,0,,,,,,,,,,,,,,,,,,,,,,,,,,,,,,,1,,1,0,0,0,0,0,,,,,,la_grave_2023_SiL-17_biodiv,,0
48,la_grave,SiL,18,SiL-18,,la_grave_2023_SiL-18,47.2372820901608," -61.8415432578573",EPSG:4326,"martin_de_langy | gabriele_deslongchamps | louis_guyon",100,0,1,la_grave_2023_SiL-18_granulo,1,la_grave_2023_SiL-18_mo,1,un_quart,0,,,,,,,,,,,,,,,,,,,,,,,,,,,,,,,1,,1,0,0,0,0,0,,,,,,la_grave_2023_SiL-18_biodiv,,0
49,la_grave,SiL,19,SiL-19,,la_grave_2023_SiL-19,47.238284609297," -61.8349160231981",EPSG:4326,"martin_de_langy | gabriele_deslongchamps | louis_guyon",100,0,1,la_grave_2023_SiL-19_granulo,1,la_grave_2023_SiL-19_mo,1,un_quart,0,,,,,,,,,,,,,,,,,,,,,,,,,,,,,,,1,,1,0,0,0,0,0,,,,,,la_grave_2023_SiL-19_biodiv,,0
50,la_grave,SiL,20,SiL-20,,la_grave_2023_SiL-20,47.2375430545966," -61.8358022471446",EPSG:4326,"martin_de_langy | gabriele_deslongchamps | louis_guyon",100,0,1,la_grave_2023_SiL-20_granulo,1,la_grave_2023_SiL-20_mo,1,un_quart,0,,,,,,,,,,,,,,,,,,,,,,,,,,,,,,,1,,1,0,0,0,0,0,,,,,,la_grave_2023_SiL-20_biodiv,,0
51,la_grave,SiL,21,SiL-21,,la_grave_2023_SiL-21,47.2372498144477," -61.8406104694221",EPSG:4326,"martin_de_langy | gabriele_deslongchamps | louis_guyon",100,0,1,la_grave_2023_SiL-21_granulo,1,la_grave_2023_SiL-21_mo,1,un_quart,0,,,,,,,,,,,,,,,,,,,,,,,,,,,,,,,1,,1,0,0,0,0,0,,,,,,la_grave_2023_SiL-21_biodiv,,0
52,la_grave,SiL,22,SiL-22,,la_grave_2023_SiL-22,47.2376138306963," -61.8416544068995",EPSG:4326,"martin_de_langy | gabriele_deslongchamps | louis_guyon",100,0,1,la_grave_2023_SiL-22_granulo,1,la_grave_2023_SiL-22_mo,1,un_quart,0,,,,,,,,,,,,,,,,,,,,,,,,,,,,,,,1,,1,0,0,0,0,0,,,,,,la_grave_2023_SiL-22_biodiv,,0
53,la_grave,SiL,23,SiL-23,,la_grave_2023_SiL-23,47.2382080334396," -61.8348780785702",EPSG:4326,"martin_de_langy | gabriele_deslongchamps | louis_guyon",100,0,1,la_grave_2023_SiL-23_granulo,1,la_grave_2023_SiL-23_mo,1,un_quart,0,,,,,,,,,,,,,,,,,,,,,,,,,,,,,,,1,,1,0,0,0,0,0,,,,,,la_grave_2023_SiL-23_biodiv,,0
54,la_grave,SiL,24,SiL-24,,la_grave_2023_SiL-24,47.2372451613382," -61.8400941431264",EPSG:4326,"martin_de_langy | gabriele_deslongchamps | louis_guyon",100,0,1,la_grave_2023_SiL-24_granulo,1,la_grave_2023_SiL-24_mo,1,un_quart,0,,,,,,,,,,,,,,,,,,,,,,,,,,,,,,,1,,1,0,0,0,0,0,,,,,,la_grave_2023_SiL-24_biodiv,,0
55,la_grave,SiL,25,SiL-25,,la_grave_2023_SiL-25,47.2381434175181," -61.8351221924621",EPSG:4326,"martin_de_langy | gabriele_deslongchamps | louis_guyon",100,0,1,la_grave_2023_SiL-25_granulo,1,la_grave_2023_SiL-25_mo,1,un_quart,0,,,,,,,,,,,,,,,,,,,,,,,,,,,,,,,1,,1,0,0,0,0,0,,,,,,la_grave_2023_SiL-25_biodiv,,0
56,la_grave,SiL,26,SiL-26,,la_grave_2023_SiL-26,47.2372311221078," -61.837207098438",EPSG:4326,"martin_de_langy | gabriele_deslongchamps | louis_guyon",100,0,1,la_grave_2023_SiL-26_granulo,1,la_grave_2023_SiL-26_mo,1,un_quart,0,,,,,,,,,,,,,,,,,,,,,,,,,,,,,,,1,,1,0,0,0,0,0,,,,,,la_grave_2023_SiL-26_biodiv,,0
57,la_grave,SiL,27,SiL-27,,la_grave_2023_SiL-27,47.2380472756999," -61.8353368685236",EPSG:4326,"martin_de_langy | gabriele_deslongchamps | louis_guyon",100,0,1,la_grave_2023_SiL-27_granulo,1,la_grave_2023_SiL-27_mo,1,un_quart,0,,,,,,,,,,,,,,,,,,,,,,,,,,,,,,,1,,1,0,0,0,0,0,,,,,,la_grave_2023_SiL-27_biodiv,,0
58,la_grave,SiL,28,SiL-28,,la_grave_2023_SiL-28,47.2371439787737," -61.8393566014717",EPSG:4326,"martin_de_langy | gabriele_deslongchamps | louis_guyon",100,0,1,la_grave_2023_SiL-28_granulo,1,la_grave_2023_SiL-28_mo,1,un_quart,0,,,,,,,,,,,,,,,,,,,,,,,,,,,,,,,1,,1,0,0,0,0,0,,,,,,la_grave_2023_SiL-28_biodiv,,0
59,la_grave,SiL,29,SiL-29,,la_grave_2023_SiL-29,47.2371943616388," -61.841006463852",EPSG:4326,"martin_de_langy | gabriele_deslongchamps | louis_guyon",100,0,1,la_grave_2023_SiL-29_granulo,1,la_grave_2023_SiL-29_mo,1,un_quart,0,,,,,,,,,,,,,,,,,,,,,,,,,,,,,,,1,,1,0,0,0,0,0,,,,,,la_grave_2023_SiL-29_biodiv,,0
60,la_grave,SiL,30,SiL-30,,la_grave_2023_SiL-30,47.2373652341316," -61.8362816190868",EPSG:4326,"martin_de_langy | gabriele_deslongchamps | louis_guyon",100,0,1,la_grave_2023_SiL-30_granulo,1,la_grave_2023_SiL-30_mo,1,un_quart,0,,,,,,,,,,,,,,,,,,,,,,,,,,,,,,,1,,1,0,0,0,0,0,,,,,,la_grave_2023_SiL-30_biodiv,,0
61,la_grave,SiO,1,SiO-1,,la_grave_2023_SiO-1,47.2376626677064," -61.8426464128077",EPSG:4326,"martin_de_langy | gabriele_deslongchamps | louis_guyon",100,0,1,la_grave_2023_SiO-1_granulo,1,la_grave_2023_SiO-1_mo,1,un_quart,0,,,,,,,,,,,,,,,,,,,,,,,,,,,,,,,1,,1,0,0,0,0,0,,,,,,la_grave_2023_SiO-1_biodiv,,0
62,la_grave,SiO,2,SiO-2,,la_grave_2023_SiO-2,47.2377607650709," -61.8428846683618",EPSG:4326,"martin_de_langy | gabriele_deslongchamps | louis_guyon",100,0,1,la_grave_2023_SiO-2_granulo,1,la_grave_2023_SiO-2_mo,1,un_quart,0,,,,,,,,,,,,,,,,,,,,,,,,,,,,,,,1,,1,0,0,0,0,0,,,,,,la_grave_2023_SiO-2_biodiv,,0
63,la_grave,SiO,3,SiO-3,,la_grave_2023_SiO-3,47.2377364742765," -61.8431567151054",EPSG:4326,"martin_de_langy | gabriele_deslongchamps | louis_guyon",100,0,1,la_grave_2023_SiO-3_granulo,1,la_grave_2023_SiO-3_mo,1,un_quart,0,,,,,,,,,,,,,,,,,,,,,,,,,,,,,,,1,,1,0,0,0,0,0,,,,,,la_grave_2023_SiO-3_biodiv,,0
64,la_grave,SiO,4,SiO-4,,la_grave_2023_SiO-4,47.2374834719445," -61.8422834707435",EPSG:4326,"martin_de_langy | gabriele_deslongchamps | louis_guyon",100,0,1,la_grave_2023_SiO-4_granulo,1,la_grave_2023_SiO-4_mo,1,un_quart,0,,,,,,,,,,,,,,,,,,,,,,,,,,,,,,,1,,1,0,0,0,0,0,,,,,,la_grave_2023_SiO-4_biodiv,,0
65,la_grave,SiO,5,SiO-5,,la_grave_2023_SiO-5,47.2378314299588," -61.8431068987485",EPSG:4326,"martin_de_langy | gabriele_deslongchamps | louis_guyon",100,0,1,la_grave_2023_SiO-5_granulo,1,la_grave_2023_SiO-5_mo,1,un_quart,0,,,,,,,,,,,,,,,,,,,,,,,,,,,,,,,1,,1,0,0,0,0,0,,,,,,la_grave_2023_SiO-5_biodiv,,0
66,la_grave,SiO,6,SiO-6,,la_grave_2023_SiO-6,47.2377764653391," -61.8431169248571",EPSG:4326,"martin_de_langy | gabriele_deslongchamps | louis_guyon",100,0,1,la_grave_2023_SiO-6_granulo,1,la_grave_2023_SiO-6_mo,1,un_quart,0,,,,,,,,,,,,,,,,,,,,,,,,,,,,,,,1,,1,0,0,0,0,0,,,,,,la_grave_2023_SiO-6_biodiv,,0
67,la_grave,SiO,7,SiO-7,,la_grave_2023_SiO-7,47.2375394542272," -61.8423790463314",EPSG:4326,"martin_de_langy | gabriele_deslongchamps | louis_guyon",100,0,1,la_grave_2023_SiO-7_granulo,1,la_grave_2023_SiO-7_mo,1,un_quart,0,,,,,,,,,,,,,,,,,,,,,,,,,,,,,,,1,,1,0,0,0,0,0,,,,,,la_grave_2023_SiO-7_biodiv,,0
68,la_grave,SiO,8,SiO-8,,la_grave_2023_SiO-8,47.2376790562209," -61.8425298540583",EPSG:4326,"martin_de_langy | gabriele_deslongchamps | louis_guyon",100,0,1,la_grave_2023_SiO-8_granulo,1,la_grave_2023_SiO-8_mo,1,un_quart,0,,,,,,,,,,,,,,,,,,,,,,,,,,,,,,,1,,1,0,0,0,0,0,,,,,,la_grave_2023_SiO-8_biodiv,,0
69,la_grave,SiO,9,SiO-9,,la_grave_2023_SiO-9,47.2374332643035," -61.8422632557011",EPSG:4326,"martin_de_langy | gabriele_deslongchamps | louis_guyon",100,0,1,la_grave_2023_SiO-9_granulo,1,la_grave_2023_SiO-9_mo,1,un_quart,0,,,,,,,,,,,,,,,,,,,,,,,,,,,,,,,1,,1,0,0,0,0,0,,,,,,la_grave_2023_SiO-9_biodiv,,0
70,la_grave,SiO,10,SiO-10,,la_grave_2023_SiO-10,47.2377141213938," -61.8427877844342",EPSG:4326,"martin_de_langy | gabriele_deslongchamps | louis_guyon",100,0,1,la_grave_2023_SiO-10_granulo,1,la_grave_2023_SiO-10_mo,1,un_quart,0,,,,,,,,,,,,,,,,,,,,,,,,,,,,,,,1,,1,0,0,0,0,0,,,,,,la_grave_2023_SiO-10_biodiv,,0
71,la_grave,SiO,11,SiO-11,,la_grave_2023_SiO-11,47.2373660341674," -61.8420878615077",EPSG:4326,"martin_de_langy | gabriele_deslongchamps | louis_guyon",100,0,1,la_grave_2023_SiO-11_granulo,1,la_grave_2023_SiO-11_mo,1,un_quart,0,,,,,,,,,,,,,,,,,,,,,,,,,,,,,,,1,,1,0,0,0,0,0,,,,,,la_grave_2023_SiO-11_biodiv,,0
72,la_grave,SiO,12,SiO-12,,la_grave_2023_SiO-12,47.237671032222," -61.842698199983",EPSG:4326,"martin_de_langy | gabriele_deslongchamps | louis_guyon",100,0,1,la_grave_2023_SiO-12_granulo,1,la_grave_2023_SiO-12_mo,1,un_quart,0,,,,,,,,,,,,,,,,,,,,,,,,,,,,,,,1,,1,0,0,0,0,0,,,,,,la_grave_2023_SiO-12_biodiv,,0
73,la_grave,SiO,13,SiO-13,,la_grave_2023_SiO-13,47.2375289277418," -61.8424636782008",EPSG:4326,"martin_de_langy | gabriele_deslongchamps | louis_guyon",100,0,1,la_grave_2023_SiO-13_granulo,1,la_grave_2023_SiO-13_mo,1,un_quart,0,,,,,,,,,,,,,,,,,,,,,,,,,,,,,,,1,,1,0,0,0,0,0,,,,,,la_grave_2023_SiO-13_biodiv,,0
74,la_grave,SiO,14,SiO-14,,la_grave_2023_SiO-14,47.2377106491944," -61.8426531712755",EPSG:4326,"martin_de_langy | gabriele_deslongchamps | louis_guyon",100,0,1,la_grave_2023_SiO-14_granulo,1,la_grave_2023_SiO-14_mo,1,un_quart,0,,,,,,,,,,,,,,,,,,,,,,,,,,,,,,,1,,1,0,0,0,0,0,,,,,,la_grave_2023_SiO-14_biodiv,,0
75,la_grave,SiO,15,SiO-15,,la_grave_2023_SiO-15,47.2377476781058," -61.8429569893016",EPSG:4326,"martin_de_langy | gabriele_deslongchamps | louis_guyon",100,0,1,la_grave_2023_SiO-15_granulo,1,la_grave_2023_SiO-15_mo,1,un_quart,0,,,,,,,,,,,,,,,,,,,,,,,,,,,,,,,1,,1,0,0,0,0,0,,,,,,la_grave_2023_SiO-15_biodiv,,0
76,la_grave,SiO,16,SiO-16,,la_grave_2023_SiO-16,47.2374056298115," -61.8420139543376",EPSG:4326,"martin_de_langy | gabriele_deslongchamps | louis_guyon",100,0,1,la_grave_2023_SiO-16_granulo,1,la_grave_2023_SiO-16_mo,1,un_quart,0,,,,,,,,,,,,,,,,,,,,,,,,,,,,,,,1,,1,0,0,0,0,0,,,,,,la_grave_2023_SiO-16_biodiv,,0
77,la_grave,SiO,17,SiO-17,,la_grave_2023_SiO-17,47.2374381806409," -61.8423025426214",EPSG:4326,"martin_de_langy | gabriele_deslongchamps | louis_guyon",100,0,1,la_grave_2023_SiO-17_granulo,1,la_grave_2023_SiO-17_mo,1,un_quart,0,,,,,,,,,,,,,,,,,,,,,,,,,,,,,,,1,,1,0,0,0,0,0,,,,,,la_grave_2023_SiO-17_biodiv,,0
78,la_grave,SiO,18,SiO-18,,la_grave_2023_SiO-18,47.2377603975643," -61.8430851398352",EPSG:4326,"martin_de_langy | gabriele_deslongchamps | louis_guyon",100,0,1,la_grave_2023_SiO-18_granulo,1,la_grave_2023_SiO-18_mo,1,un_quart,0,,,,,,,,,,,,,,,,,,,,,,,,,,,,,,,1,,1,0,0,0,0,0,,,,,,la_grave_2023_SiO-18_biodiv,,0
79,la_grave,SiO,19,SiO-19,,la_grave_2023_SiO-19,47.2373513964227," -61.8419936889929",EPSG:4326,"martin_de_langy | gabriele_deslongchamps | louis_guyon",100,0,1,la_grave_2023_SiO-19_granulo,1,la_grave_2023_SiO-19_mo,1,un_quart,0,,,,,,,,,,,,,,,,,,,,,,,,,,,,,,,1,,1,0,0,0,0,0,,,,,,la_grave_2023_SiO-19_biodiv,,0
80,la_grave,SiO,20,SiO-20,,la_grave_2023_SiO-20,47.2373990605566," -61.84218478981",EPSG:4326,"martin_de_langy | gabriele_deslongchamps | louis_guyon",100,0,1,la_grave_2023_SiO-20_granulo,1,la_grave_2023_SiO-20_mo,1,un_quart,0,,,,,,,,,,,,,,,,,,,,,,,,,,,,,,,1,,1,0,0,0,0,0,,,,,,la_grave_2023_SiO-20_biodiv,,0
81,la_grave,SiO,21,SiO-21,,la_grave_2023_SiO-21,47.2375403339522," -61.8422556001797",EPSG:4326,"martin_de_langy | gabriele_deslongchamps | louis_guyon",100,0,1,la_grave_2023_SiO-21_granulo,1,la_grave_2023_SiO-21_mo,1,un_quart,0,,,,,,,,,,,,,,,,,,,,,,,,,,,,,,,1,,1,0,0,0,0,0,,,,,,la_grave_2023_SiO-21_biodiv,,0
82,la_grave,SiO,22,SiO-22,,la_grave_2023_SiO-22,47.2374645407651," -61.8422489519237",EPSG:4326,"martin_de_langy | gabriele_deslongchamps | louis_guyon",100,0,1,la_grave_2023_SiO-22_granulo,1,la_grave_2023_SiO-22_mo,1,un_quart,0,,,,,,,,,,,,,,,,,,,,,,,,,,,,,,,1,,1,0,0,0,0,0,,,,,,la_grave_2023_SiO-22_biodiv,,0
83,la_grave,SiO,23,SiO-23,,la_grave_2023_SiO-23,47.2376355543343," -61.8424733793028",EPSG:4326,"martin_de_langy | gabriele_deslongchamps | louis_guyon",100,0,1,la_grave_2023_SiO-23_granulo,1,la_grave_2023_SiO-23_mo,1,un_quart,0,,,,,,,,,,,,,,,,,,,,,,,,,,,,,,,1,,1,0,0,0,0,0,,,,,,la_grave_2023_SiO-23_biodiv,,0
84,la_grave,SiO,24,SiO-24,,la_grave_2023_SiO-24,47.2375265145867," -61.8422253177788",EPSG:4326,"martin_de_langy | gabriele_deslongchamps | louis_guyon",100,0,1,la_grave_2023_SiO-24_granulo,1,la_grave_2023_SiO-24_mo,1,un_quart,0,,,,,,,,,,,,,,,,,,,,,,,,,,,,,,,1,,1,0,0,0,0,0,,,,,,la_grave_2023_SiO-24_biodiv,,0
85,la_grave,SiO,25,SiO-25,,la_grave_2023_SiO-25,47.2374934573922," -61.842382021592",EPSG:4326,"martin_de_langy | gabriele_deslongchamps | louis_guyon",100,0,1,la_grave_2023_SiO-25_granulo,1,la_grave_2023_SiO-25_mo,1,un_quart,0,,,,,,,,,,,,,,,,,,,,,,,,,,,,,,,1,,1,0,0,0,0,0,,,,,,la_grave_2023_SiO-25_biodiv,,0
86,la_grave,SiO,26,SiO-26,,la_grave_2023_SiO-26,47.2374411576013," -61.8421056321079",EPSG:4326,"martin_de_langy | gabriele_deslongchamps | louis_guyon",100,0,1,la_grave_2023_SiO-26_granulo,1,la_grave_2023_SiO-26_mo,1,un_quart,0,,,,,,,,,,,,,,,,,,,,,,,,,,,,,,,1,,1,0,0,0,0,0,,,,,,la_grave_2023_SiO-26_biodiv,,0
87,la_grave,SiO,27,SiO-27,,la_grave_2023_SiO-27,47.2374152298832," -61.8421363597595",EPSG:4326,"martin_de_langy | gabriele_deslongchamps | louis_guyon",100,0,1,la_grave_2023_SiO-27_granulo,1,la_grave_2023_SiO-27_mo,1,un_quart,0,,,,,,,,,,,,,,,,,,,,,,,,,,,,,,,1,,1,0,0,0,0,0,,,,,,la_grave_2023_SiO-27_biodiv,,0
88,la_grave,SiO,28,SiO-28,,la_grave_2023_SiO-28,47.2376152995769," -61.8424641980559",EPSG:4326,"martin_de_langy | gabriele_deslongchamps | louis_guyon",100,0,1,la_grave_2023_SiO-28_granulo,1,la_grave_2023_SiO-28_mo,1,un_quart,0,,,,,,,,,,,,,,,,,,,,,,,,,,,,,,,1,,1,0,0,0,0,0,,,,,,la_grave_2023_SiO-28_biodiv,,0
89,la_grave,SiO,29,SiO-29,,la_grave_2023_SiO-29,47.2376481492701," -61.8425384374692",EPSG:4326,"martin_de_langy | gabriele_deslongchamps | louis_guyon",100,0,1,la_grave_2023_SiO-29_granulo,1,la_grave_2023_SiO-29_mo,1,un_quart,0,,,,,,,,,,,,,,,,,,,,,,,,,,,,,,,1,,1,0,0,0,0,0,,,,,,la_grave_2023_SiO-29_biodiv,,0
90,la_grave,SiO,30,SiO-30,,la_grave_2023_SiO-30,47.2376335714721," -61.8426421511052",EPSG:4326,"martin_de_langy | gabriele_deslongchamps | louis_guyon",100,0,1,la_grave_2023_SiO-30_granulo,1,la_grave_2023_SiO-30_mo,1,un_quart,0,,,,,,,,,,,,,,,,,,,,,,,,,,,,,,,1,,1,0,0,0,0,0,,,,,,la_grave_2023_SiO-30_biodiv,,0
91,la_grave,RfO,1,RfO-1,,la_grave_2023_RfO-1,47.2387507256386," -61.8477511649268",EPSG:4326,"martin_de_langy | gabriele_deslongchamps | louis_guyon",100,0,1,la_grave_2023_RfO-1_granulo,1,la_grave_2023_RfO-1_mo,1,un_quart,0,,,,,,,,,,,,,,,,,,,,,,,,,,,,,,,1,,1,0,0,0,0,0,,,,,,la_grave_2023_RfO-1_biodiv,,0
92,la_grave,RfO,2,RfO-2,,la_grave_2023_RfO-2,47.2391540197691," -61.848965822849",EPSG:4326,"martin_de_langy | gabriele_deslongchamps | louis_guyon",100,0,1,la_grave_2023_RfO-2_granulo,1,la_grave_2023_RfO-2_mo,1,un_quart,0,,,,,,,,,,,,,,,,,,,,,,,,,,,,,,,1,,1,0,0,0,0,0,,,,,,la_grave_2023_RfO-2_biodiv,,0
93,la_grave,RfO,3,RfO-3,,la_grave_2023_RfO-3,47.2378791369208," -61.844729586798",EPSG:4326,"martin_de_langy | gabriele_deslongchamps | louis_guyon",100,0,1,la_grave_2023_RfO-3_granulo,1,la_grave_2023_RfO-3_mo,1,un_quart,0,,,,,,,,,,,,,,,,,,,,,,,,,,,,,,,1,,1,0,0,0,0,0,,,,,,la_grave_2023_RfO-3_biodiv,,0
94,la_grave,RfO,4,RfO-4,,la_grave_2023_RfO-4,47.2382908350555," -61.8463527043468",EPSG:4326,"martin_de_langy | gabriele_deslongchamps | louis_guyon",100,0,1,la_grave_2023_RfO-4_granulo,1,la_grave_2023_RfO-4_mo,1,un_quart,0,,,,,,,,,,,,,,,,,,,,,,,,,,,,,,,1,,1,0,0,0,0,0,,,,,,la_grave_2023_RfO-4_biodiv,,0
95,la_grave,RfO,5,RfO-5,,la_grave_2023_RfO-5,47.2386982543078," -61.8474437533974",EPSG:4326,"martin_de_langy | gabriele_deslongchamps | louis_guyon",100,0,1,la_grave_2023_RfO-5_granulo,1,la_grave_2023_RfO-5_mo,1,un_quart,0,,,,,,,,,,,,,,,,,,,,,,,,,,,,,,,1,,1,0,0,0,0,0,,,,,,la_grave_2023_RfO-5_biodiv,,0
96,la_grave,RfO,6,RfO-6,,la_grave_2023_RfO-6,47.2391189036919," -61.8487243458241",EPSG:4326,"martin_de_langy | gabriele_deslongchamps | louis_guyon",100,0,1,la_grave_2023_RfO-6_granulo,1,la_grave_2023_RfO-6_mo,1,un_quart,0,,,,,,,,,,,,,,,,,,,,,,,,,,,,,,,1,,1,0,0,0,0,0,,,,,,la_grave_2023_RfO-6_biodiv,,0
97,la_grave,RfO,7,RfO-7,,la_grave_2023_RfO-7,47.2386661424436," -61.8473790083861",EPSG:4326,"martin_de_langy | gabriele_deslongchamps | louis_guyon",100,0,1,la_grave_2023_RfO-7_granulo,1,la_grave_2023_RfO-7_mo,1,un_quart,0,,,,,,,,,,,,,,,,,,,,,,,,,,,,,,,1,,1,0,0,0,0,0,,,,,,la_grave_2023_RfO-7_biodiv,,0
98,la_grave,RfO,8,RfO-8,,la_grave_2023_RfO-8,47.238325853437," -61.8463747008119",EPSG:4326,"martin_de_langy | gabriele_deslongchamps | louis_guyon",100,0,1,la_grave_2023_RfO-8_granulo,1,la_grave_2023_RfO-8_mo,1,un_quart,0,,,,,,,,,,,,,,,,,,,,,,,,,,,,,,,1,,1,0,0,0,0,0,,,,,,la_grave_2023_RfO-8_biodiv,,0
99,la_grave,RfO,9,RfO-9,,la_grave_2023_RfO-9,47.2385897458873," -61.847322390909",EPSG:4326,"martin_de_langy | gabriele_deslongchamps | louis_guyon",100,0,1,la_grave_2023_RfO-9_granulo,1,la_grave_2023_RfO-9_mo,1,un_quart,0,,,,,,,,,,,,,,,,,,,,,,,,,,,,,,,1,,1,0,0,0,0,0,,,,,,la_grave_2023_RfO-9_biodiv,,0
100,la_grave,RfO,10,RfO-10,,la_grave_2023_RfO-10,47.238597319986," -61.8470793494699",EPSG:4326,"martin_de_langy | gabriele_deslongchamps | louis_guyon",100,0,1,la_grave_2023_RfO-10_granulo,1,la_grave_2023_RfO-10_mo,1,un_quart,0,,,,,,,,,,,,,,,,,,,,,,,,,,,,,,,1,,1,0,0,0,0,0,,,,,,la_grave_2023_RfO-10_biodiv,,0
101,la_grave,RfO,11,RfO-11,,la_grave_2023_RfO-11,47.2384998704055," -61.8467677194985",EPSG:4326,"martin_de_langy | gabriele_deslongchamps | louis_guyon",100,0,1,la_grave_2023_RfO-11_granulo,1,la_grave_2023_RfO-11_mo,1,un_quart,0,,,,,,,,,,,,,,,,,,,,,,,,,,,,,,,1,,1,0,0,0,0,0,,,,,,la_grave_2023_RfO-11_biodiv,,0
102,la_grave,RfO,12,RfO-12,,la_grave_2023_RfO-12,47.2392462171111," -61.8489150916576",EPSG:4326,"martin_de_langy | gabriele_deslongchamps | louis_guyon",100,0,1,la_grave_2023_RfO-12_granulo,1,la_grave_2023_RfO-12_mo,1,un_quart,0,,,,,,,,,,,,,,,,,,,,,,,,,,,,,,,1,,1,0,0,0,0,0,,,,,,la_grave_2023_RfO-12_biodiv,,0
103,la_grave,RfO,13,RfO-13,,la_grave_2023_RfO-13,47.2384040738462," -61.8466071982125",EPSG:4326,"martin_de_langy | gabriele_deslongchamps | louis_guyon",100,0,1,la_grave_2023_RfO-13_granulo,1,la_grave_2023_RfO-13_mo,1,un_quart,0,,,,,,,,,,,,,,,,,,,,,,,,,,,,,,,1,,1,0,0,0,0,0,,,,,,la_grave_2023_RfO-13_biodiv,,0
104,la_grave,RfO,14,RfO-14,,la_grave_2023_RfO-14,47.2389677969268," -61.8481587250506",EPSG:4326,"martin_de_langy | gabriele_deslongchamps | louis_guyon",100,0,1,la_grave_2023_RfO-14_granulo,1,la_grave_2023_RfO-14_mo,1,un_quart,0,,,,,,,,,,,,,,,,,,,,,,,,,,,,,,,1,,1,0,0,0,0,0,,,,,,la_grave_2023_RfO-14_biodiv,,0
105,la_grave,RfO,15,RfO-15,,la_grave_2023_RfO-15,47.2379283928557," -61.8448337450873",EPSG:4326,"martin_de_langy | gabriele_deslongchamps | louis_guyon",100,0,1,la_grave_2023_RfO-15_granulo,1,la_grave_2023_RfO-15_mo,1,un_quart,0,,,,,,,,,,,,,,,,,,,,,,,,,,,,,,,1,,1,0,0,0,0,0,,,,,,la_grave_2023_RfO-15_biodiv,,0
106,la_grave,RfO,16,RfO-16,,la_grave_2023_RfO-16,47.2389291518645," -61.8479314055611",EPSG:4326,"martin_de_langy | gabriele_deslongchamps | louis_guyon",100,0,1,la_grave_2023_RfO-16_granulo,1,la_grave_2023_RfO-16_mo,1,un_quart,0,,,,,,,,,,,,,,,,,,,,,,,,,,,,,,,1,,1,0,0,0,0,0,,,,,,la_grave_2023_RfO-16_biodiv,,0
107,la_grave,RfO,17,RfO-17,,la_grave_2023_RfO-17,47.2380473725523," -61.8452759633586",EPSG:4326,"martin_de_langy | gabriele_deslongchamps | louis_guyon",100,0,1,la_grave_2023_RfO-17_granulo,1,la_grave_2023_RfO-17_mo,1,un_quart,0,,,,,,,,,,,,,,,,,,,,,,,,,,,,,,,1,,1,0,0,0,0,0,,,,,,la_grave_2023_RfO-17_biodiv,,0
108,la_grave,RfO,18,RfO-18,,la_grave_2023_RfO-18,47.2380213526595," -61.8452207007943",EPSG:4326,"martin_de_langy | gabriele_deslongchamps | louis_guyon",100,0,1,la_grave_2023_RfO-18_granulo,1,la_grave_2023_RfO-18_mo,1,un_quart,0,,,,,,,,,,,,,,,,,,,,,,,,,,,,,,,1,,1,0,0,0,0,0,,,,,,la_grave_2023_RfO-18_biodiv,,0
109,la_grave,RfO,19,RfO-19,,la_grave_2023_RfO-19,47.2387982523299," -61.8478423897543",EPSG:4326,"martin_de_langy | gabriele_deslongchamps | louis_guyon",100,0,1,la_grave_2023_RfO-19_granulo,1,la_grave_2023_RfO-19_mo,1,un_quart,0,,,,,,,,,,,,,,,,,,,,,,,,,,,,,,,1,,1,0,0,0,0,0,,,,,,la_grave_2023_RfO-19_biodiv,,0
110,la_grave,RfO,20,RfO-20,,la_grave_2023_RfO-20,47.2386921782977," -61.8475149461166",EPSG:4326,"martin_de_langy | gabriele_deslongchamps | louis_guyon",100,0,1,la_grave_2023_RfO-20_granulo,1,la_grave_2023_RfO-20_mo,1,un_quart,0,,,,,,,,,,,,,,,,,,,,,,,,,,,,,,,1,,1,0,0,0,0,0,,,,,,la_grave_2023_RfO-20_biodiv,,0
111,la_grave,RfO,21,RfO-21,,la_grave_2023_RfO-21,47.2386464537816," -61.8474939689203",EPSG:4326,"martin_de_langy | gabriele_deslongchamps | louis_guyon",100,0,1,la_grave_2023_RfO-21_granulo,1,la_grave_2023_RfO-21_mo,1,un_quart,0,,,,,,,,,,,,,,,,,,,,,,,,,,,,,,,1,,1,0,0,0,0,0,,,,,,la_grave_2023_RfO-21_biodiv,,0
112,la_grave,RfO,22,RfO-22,,la_grave_2023_RfO-22,47.2380055997355," -61.8451966788431",EPSG:4326,"martin_de_langy | gabriele_deslongchamps | louis_guyon",100,0,1,la_grave_2023_RfO-22_granulo,1,la_grave_2023_RfO-22_mo,1,un_quart,0,,,,,,,,,,,,,,,,,,,,,,,,,,,,,,,1,,1,0,0,0,0,0,,,,,,la_grave_2023_RfO-22_biodiv,,0
113,la_grave,RfO,23,RfO-23,,la_grave_2023_RfO-23,47.2388047794139," -61.847721147557",EPSG:4326,"martin_de_langy | gabriele_deslongchamps | louis_guyon",100,0,1,la_grave_2023_RfO-23_granulo,1,la_grave_2023_RfO-23_mo,1,un_quart,0,,,,,,,,,,,,,,,,,,,,,,,,,,,,,,,1,,1,0,0,0,0,0,,,,,,la_grave_2023_RfO-23_biodiv,,0
114,la_grave,RfO,24,RfO-24,,la_grave_2023_RfO-24,47.2388905164479," -61.8480154783834",EPSG:4326,"martin_de_langy | gabriele_deslongchamps | louis_guyon",100,0,1,la_grave_2023_RfO-24_granulo,1,la_grave_2023_RfO-24_mo,1,un_quart,0,,,,,,,,,,,,,,,,,,,,,,,,,,,,,,,1,,1,0,0,0,0,0,,,,,,la_grave_2023_RfO-24_biodiv,,0
115,la_grave,RfO,25,RfO-25,,la_grave_2023_RfO-25,47.2392180459099," -61.8489623673113",EPSG:4326,"martin_de_langy | gabriele_deslongchamps | louis_guyon",100,0,1,la_grave_2023_RfO-25_granulo,1,la_grave_2023_RfO-25_mo,1,un_quart,0,,,,,,,,,,,,,,,,,,,,,,,,,,,,,,,1,,1,0,0,0,0,0,,,,,,la_grave_2023_RfO-25_biodiv,,0
116,la_grave,RfO,26,RfO-26,,la_grave_2023_RfO-26,47.2378744280235," -61.8449198428319",EPSG:4326,"martin_de_langy | gabriele_deslongchamps | louis_guyon",100,0,1,la_grave_2023_RfO-26_granulo,1,la_grave_2023_RfO-26_mo,1,un_quart,0,,,,,,,,,,,,,,,,,,,,,,,,,,,,,,,1,,1,0,0,0,0,0,,,,,,la_grave_2023_RfO-26_biodiv,,0
117,la_grave,RfO,27,RfO-27,,la_grave_2023_RfO-27,47.238190789792," -61.8459718722641",EPSG:4326,"martin_de_langy | gabriele_deslongchamps | louis_guyon",100,0,1,la_grave_2023_RfO-27_granulo,1,la_grave_2023_RfO-27_mo,1,un_quart,0,,,,,,,,,,,,,,,,,,,,,,,,,,,,,,,1,,1,0,0,0,0,0,,,,,,la_grave_2023_RfO-27_biodiv,,0
118,la_grave,RfO,28,RfO-28,,la_grave_2023_RfO-28,47.2384836429083," -61.8470295101877",EPSG:4326,"martin_de_langy | gabriele_deslongchamps | louis_guyon",100,0,1,la_grave_2023_RfO-28_granulo,1,la_grave_2023_RfO-28_mo,1,un_quart,0,,,,,,,,,,,,,,,,,,,,,,,,,,,,,,,1,,1,0,0,0,0,0,,,,,,la_grave_2023_RfO-28_biodiv,,0
119,la_grave,RfO,29,RfO-29,,la_grave_2023_RfO-29,47.2381675293946," -61.8459154044422",EPSG:4326,"martin_de_langy | gabriele_deslongchamps | louis_guyon",100,0,1,la_grave_2023_RfO-29_granulo,1,la_grave_2023_RfO-29_mo,1,un_quart,0,,,,,,,,,,,,,,,,,,,,,,,,,,,,,,,1,,1,0,0,0,0,0,,,,,,la_grave_2023_RfO-29_biodiv,,0
120,la_grave,RfO,30,RfO-30,,la_grave_2023_RfO-30,47.2383007627178," -61.8462062028047",EPSG:4326,"martin_de_langy | gabriele_deslongchamps | louis_guyon",100,0,1,la_grave_2023_RfO-30_granulo,1,la_grave_2023_RfO-30_mo,1,un_quart,0,,,,,,,,,,,,,,,,,,,,,,,,,,,,,,,1,,1,0,0,0,0,0,,,,,,la_grave_2023_RfO-30_biodiv,,0
121,la_grave,RfL,1,RfL-1,,la_grave_2023_RfL-1,47.238674880496," -61.8359503132065",EPSG:4326,"martin_de_langy | gabriele_deslongchamps | louis_guyon",100,0,1,la_grave_2023_RfL-1_granulo,1,la_grave_2023_RfL-1_mo,1,un_quart,0,,,,,,,,,,,,,,,,,,,,,,,,,,,,,,,1,,1,0,0,0,0,0,,,,,,la_grave_2023_RfL-1_biodiv,,0
122,la_grave,RfL,2,RfL-2,,la_grave_2023_RfL-2,47.2378894169984," -61.8392239285334",EPSG:4326,"martin_de_langy | gabriele_deslongchamps | louis_guyon",100,0,1,la_grave_2023_RfL-2_granulo,1,la_grave_2023_RfL-2_mo,1,un_quart,0,,,,,,,,,,,,,,,,,,,,,,,,,,,,,,,1,,1,0,0,0,0,0,,,,,,la_grave_2023_RfL-2_biodiv,,0
123,la_grave,RfL,3,RfL-3,,la_grave_2023_RfL-3,47.237813704939," -61.8400015794286",EPSG:4326,"martin_de_langy | gabriele_deslongchamps | louis_guyon",100,0,1,la_grave_2023_RfL-3_granulo,1,la_grave_2023_RfL-3_mo,1,un_quart,0,,,,,,,,,,,,,,,,,,,,,,,,,,,,,,,1,,1,0,0,0,0,0,,,,,,la_grave_2023_RfL-3_biodiv,,0
124,la_grave,RfL,4,RfL-4,,la_grave_2023_RfL-4,47.2383481820335," -61.8362289755505",EPSG:4326,"martin_de_langy | gabriele_deslongchamps | louis_guyon",100,0,1,la_grave_2023_RfL-4_granulo,1,la_grave_2023_RfL-4_mo,1,un_quart,0,,,,,,,,,,,,,,,,,,,,,,,,,,,,,,,1,,1,0,0,0,0,0,,,,,,la_grave_2023_RfL-4_biodiv,,0
125,la_grave,RfL,5,RfL-5,,la_grave_2023_RfL-5,47.237854091152," -61.83892510868",EPSG:4326,"martin_de_langy | gabriele_deslongchamps | louis_guyon",100,0,1,la_grave_2023_RfL-5_granulo,1,la_grave_2023_RfL-5_mo,1,un_quart,0,,,,,,,,,,,,,,,,,,,,,,,,,,,,,,,1,,1,0,0,0,0,0,,,,,,la_grave_2023_RfL-5_biodiv,,0
126,la_grave,RfL,6,RfL-6,,la_grave_2023_RfL-6,47.2381489292772," -61.8363410743516",EPSG:4326,"martin_de_langy | gabriele_deslongchamps | louis_guyon",100,0,1,la_grave_2023_RfL-6_granulo,1,la_grave_2023_RfL-6_mo,1,un_quart,0,,,,,,,,,,,,,,,,,,,,,,,,,,,,,,,1,,1,0,0,0,0,0,,,,,,la_grave_2023_RfL-6_biodiv,,0
127,la_grave,RfL,7,RfL-7,,la_grave_2023_RfL-7,47.2379825043635," -61.8368155443857",EPSG:4326,"martin_de_langy | gabriele_deslongchamps | louis_guyon",100,0,1,la_grave_2023_RfL-7_granulo,1,la_grave_2023_RfL-7_mo,1,un_quart,0,,,,,,,,,,,,,,,,,,,,,,,,,,,,,,,1,,1,0,0,0,0,0,,,,,,la_grave_2023_RfL-7_biodiv,,0
128,la_grave,RfL,8,RfL-8,,la_grave_2023_RfL-8,47.2379920727558," -61.839737990425",EPSG:4326,"martin_de_langy | gabriele_deslongchamps | louis_guyon",100,0,1,la_grave_2023_RfL-8_granulo,1,la_grave_2023_RfL-8_mo,1,un_quart,0,,,,,,,,,,,,,,,,,,,,,,,,,,,,,,,1,,1,0,0,0,0,0,,,,,,la_grave_2023_RfL-8_biodiv,,0
129,la_grave,RfL,9,RfL-9,,la_grave_2023_RfL-9,47.2379878788242," -61.8404737620068",EPSG:4326,"martin_de_langy | gabriele_deslongchamps | louis_guyon",100,0,1,la_grave_2023_RfL-9_granulo,1,la_grave_2023_RfL-9_mo,1,un_quart,0,,,,,,,,,,,,,,,,,,,,,,,,,,,,,,,1,,1,0,0,0,0,0,,,,,,la_grave_2023_RfL-9_biodiv,,0
130,la_grave,RfL,10,RfL-10,,la_grave_2023_RfL-10,47.2380121597255," -61.840390055797",EPSG:4326,"martin_de_langy | gabriele_deslongchamps | louis_guyon",100,0,1,la_grave_2023_RfL-10_granulo,1,la_grave_2023_RfL-10_mo,1,un_quart,0,,,,,,,,,,,,,,,,,,,,,,,,,,,,,,,1,,1,0,0,0,0,0,,,,,,la_grave_2023_RfL-10_biodiv,,0
131,la_grave,RfL,11,RfL-11,,la_grave_2023_RfL-11,47.238268268286," -61.8365506469703",EPSG:4326,"martin_de_langy | gabriele_deslongchamps | louis_guyon",100,0,1,la_grave_2023_RfL-11_granulo,1,la_grave_2023_RfL-11_mo,1,un_quart,0,,,,,,,,,,,,,,,,,,,,,,,,,,,,,,,1,,1,0,0,0,0,0,,,,,,la_grave_2023_RfL-11_biodiv,,0
132,la_grave,RfL,12,RfL-12,,la_grave_2023_RfL-12,47.2377626659467," -61.8398360488217",EPSG:4326,"martin_de_langy | gabriele_deslongchamps | louis_guyon",100,0,1,la_grave_2023_RfL-12_granulo,1,la_grave_2023_RfL-12_mo,1,un_quart,0,,,,,,,,,,,,,,,,,,,,,,,,,,,,,,,1,,1,0,0,0,0,0,,,,,,la_grave_2023_RfL-12_biodiv,,0
133,la_grave,RfL,13,RfL-13,,la_grave_2023_RfL-13,47.2382149344304," -61.8363519484391",EPSG:4326,"martin_de_langy | gabriele_deslongchamps | louis_guyon",100,0,1,la_grave_2023_RfL-13_granulo,1,la_grave_2023_RfL-13_mo,1,un_quart,0,,,,,,,,,,,,,,,,,,,,,,,,,,,,,,,1,,1,0,0,0,0,0,,,,,,la_grave_2023_RfL-13_biodiv,,0
134,la_grave,RfL,14,RfL-14,,la_grave_2023_RfL-14,47.2379545973041," -61.8373366782323",EPSG:4326,"martin_de_langy | gabriele_deslongchamps | louis_guyon",100,0,1,la_grave_2023_RfL-14_granulo,1,la_grave_2023_RfL-14_mo,1,un_quart,0,,,,,,,,,,,,,,,,,,,,,,,,,,,,,,,1,,1,0,0,0,0,0,,,,,,la_grave_2023_RfL-14_biodiv,,0
135,la_grave,RfL,15,RfL-15,,la_grave_2023_RfL-15,47.2387567732859," -61.8354209581435",EPSG:4326,"martin_de_langy | gabriele_deslongchamps | louis_guyon",100,0,1,la_grave_2023_RfL-15_granulo,1,la_grave_2023_RfL-15_mo,1,un_quart,0,,,,,,,,,,,,,,,,,,,,,,,,,,,,,,,1,,1,0,0,0,0,0,,,,,,la_grave_2023_RfL-15_biodiv,,0
136,la_grave,RfL,16,RfL-16,,la_grave_2023_RfL-16,47.2381861221148," -61.83698551179",EPSG:4326,"martin_de_langy | gabriele_deslongchamps | louis_guyon",100,0,1,la_grave_2023_RfL-16_granulo,1,la_grave_2023_RfL-16_mo,1,un_quart,0,,,,,,,,,,,,,,,,,,,,,,,,,,,,,,,1,,1,0,0,0,0,0,,,,,,la_grave_2023_RfL-16_biodiv,,0
137,la_grave,RfL,17,RfL-17,,la_grave_2023_RfL-17,47.2377318407944," -61.8388713023943",EPSG:4326,"martin_de_langy | gabriele_deslongchamps | louis_guyon",100,0,1,la_grave_2023_RfL-17_granulo,1,la_grave_2023_RfL-17_mo,1,un_quart,0,,,,,,,,,,,,,,,,,,,,,,,,,,,,,,,1,,1,0,0,0,0,0,,,,,,la_grave_2023_RfL-17_biodiv,,0
138,la_grave,RfL,18,RfL-18,,la_grave_2023_RfL-18,47.2377717024554," -61.8380109547534",EPSG:4326,"martin_de_langy | gabriele_deslongchamps | louis_guyon",100,0,1,la_grave_2023_RfL-18_granulo,1,la_grave_2023_RfL-18_mo,1,un_quart,0,,,,,,,,,,,,,,,,,,,,,,,,,,,,,,,1,,1,0,0,0,0,0,,,,,,la_grave_2023_RfL-18_biodiv,,0
139,la_grave,RfL,19,RfL-19,,la_grave_2023_RfL-19,47.2380593492662," -61.8412317373836",EPSG:4326,"martin_de_langy | gabriele_deslongchamps | louis_guyon",100,0,1,la_grave_2023_RfL-19_granulo,1,la_grave_2023_RfL-19_mo,1,un_quart,0,,,,,,,,,,,,,,,,,,,,,,,,,,,,,,,1,,1,0,0,0,0,0,,,,,,la_grave_2023_RfL-19_biodiv,,0
140,la_grave,RfL,20,RfL-20,,la_grave_2023_RfL-20,47.238783090996," -61.835773007534",EPSG:4326,"martin_de_langy | gabriele_deslongchamps | louis_guyon",100,0,1,la_grave_2023_RfL-20_granulo,1,la_grave_2023_RfL-20_mo,1,un_quart,0,,,,,,,,,,,,,,,,,,,,,,,,,,,,,,,1,,1,0,0,0,0,0,,,,,,la_grave_2023_RfL-20_biodiv,,0
141,la_grave,RfL,21,RfL-21,,la_grave_2023_RfL-21,47.2387352510976," -61.8358646563102",EPSG:4326,"martin_de_langy | gabriele_deslongchamps | louis_guyon",100,0,1,la_grave_2023_RfL-21_granulo,1,la_grave_2023_RfL-21_mo,1,un_quart,0,,,,,,,,,,,,,,,,,,,,,,,,,,,,,,,1,,1,0,0,0,0,0,,,,,,la_grave_2023_RfL-21_biodiv,,0
142,la_grave,RfL,22,RfL-22,,la_grave_2023_RfL-22,47.2377922732016," -61.8397297934823",EPSG:4326,"martin_de_langy | gabriele_deslongchamps | louis_guyon",100,0,1,la_grave_2023_RfL-22_granulo,1,la_grave_2023_RfL-22_mo,1,un_quart,0,,,,,,,,,,,,,,,,,,,,,,,,,,,,,,,1,,1,0,0,0,0,0,,,,,,la_grave_2023_RfL-22_biodiv,,0
143,la_grave,RfL,23,RfL-23,,la_grave_2023_RfL-23,47.2386041395879," -61.8359399636263",EPSG:4326,"martin_de_langy | gabriele_deslongchamps | louis_guyon",100,0,1,la_grave_2023_RfL-23_granulo,1,la_grave_2023_RfL-23_mo,1,un_quart,0,,,,,,,,,,,,,,,,,,,,,,,,,,,,,,,1,,1,0,0,0,0,0,,,,,,la_grave_2023_RfL-23_biodiv,,0
144,la_grave,RfL,24,RfL-24,,la_grave_2023_RfL-24,47.2378598911734," -61.8404779947416",EPSG:4326,"martin_de_langy | gabriele_deslongchamps | louis_guyon",100,0,1,la_grave_2023_RfL-24_granulo,1,la_grave_2023_RfL-24_mo,1,un_quart,0,,,,,,,,,,,,,,,,,,,,,,,,,,,,,,,1,,1,0,0,0,0,0,,,,,,la_grave_2023_RfL-24_biodiv,,0
145,la_grave,RfL,25,RfL-25,,la_grave_2023_RfL-25,47.2380901705169," -61.8362793663433",EPSG:4326,"martin_de_langy | gabriele_deslongchamps | louis_guyon",100,0,1,la_grave_2023_RfL-25_granulo,1,la_grave_2023_RfL-25_mo,1,un_quart,0,,,,,,,,,,,,,,,,,,,,,,,,,,,,,,,1,,1,0,0,0,0,0,,,,,,la_grave_2023_RfL-25_biodiv,,0
146,la_grave,RfL,26,RfL-26,,la_grave_2023_RfL-26,47.2380989715309," -61.8370222647331",EPSG:4326,"martin_de_langy | gabriele_deslongchamps | louis_guyon",100,0,1,la_grave_2023_RfL-26_granulo,1,la_grave_2023_RfL-26_mo,1,un_quart,0,,,,,,,,,,,,,,,,,,,,,,,,,,,,,,,1,,1,0,0,0,0,0,,,,,,la_grave_2023_RfL-26_biodiv,,0
147,la_grave,RfL,27,RfL-27,,la_grave_2023_RfL-27,47.2388152985237," -61.8355445896873",EPSG:4326,"martin_de_langy | gabriele_deslongchamps | louis_guyon",100,0,1,la_grave_2023_RfL-27_granulo,1,la_grave_2023_RfL-27_mo,1,un_quart,0,,,,,,,,,,,,,,,,,,,,,,,,,,,,,,,1,,1,0,0,0,0,0,,,,,,la_grave_2023_RfL-27_biodiv,,0
148,la_grave,RfL,28,RfL-28,,la_grave_2023_RfL-28,47.2378778200457," -61.8374554519614",EPSG:4326,"martin_de_langy | gabriele_deslongchamps | louis_guyon",100,0,1,la_grave_2023_RfL-28_granulo,1,la_grave_2023_RfL-28_mo,1,un_quart,0,,,,,,,,,,,,,,,,,,,,,,,,,,,,,,,1,,1,0,0,0,0,0,,,,,,la_grave_2023_RfL-28_biodiv,,0
149,la_grave,RfL,29,RfL-29,,la_grave_2023_RfL-29,47.2384253756629," -61.8357670175543",EPSG:4326,"martin_de_langy | gabriele_deslongchamps | louis_guyon",100,0,1,la_grave_2023_RfL-29_granulo,1,la_grave_2023_RfL-29_mo,1,un_quart,0,,,,,,,,,,,,,,,,,,,,,,,,,,,,,,,1,,1,0,0,0,0,0,,,,,,la_grave_2023_RfL-29_biodiv,,0
150,la_grave,RfL,30,RfL-30,,la_grave_2023_RfL-30,47.237964816042," -61.839796661915",EPSG:4326,"martin_de_langy | gabriele_deslongchamps | louis_guyon",100,0,1,la_grave_2023_RfL-30_granulo,1,la_grave_2023_RfL-30_mo,1,un_quart,0,,,,,,,,,,,,,,,,,,,,,,,,,,,,,,,1,,1,0,0,0,0,0,,,,,,la_grave_2023_RfL-30_biodiv,,0
